Barkod;UrunAdi;Fiyat;Stok
EKMEK;Somun Ekmek;10,00;200
SU;Su 0.5 Litre;5,00;300
POSET;Alışveriş Poşeti;0,25;1000
8690001000001;Sütaş Ayran 250ml;12,00;150
8690001000002;Sütaş Süt 1 Litre Tam Yağlı;32,50;80
8690001000003;Sütaş Kaşar Peyniri 500g;165,00;40
8690001000004;Pınar Beyaz Peynir 800g;185,00;30
8690001000005;Pınar Labne 200g;35,00;60
8690001000006;Pınar Aç Bitir Hindi Sosis;45,00;50
8690001000007;Ülker Çikolatalı Gofret;7,50;200
8690001000008;Ülker Dido Sütlü Çikolata;12,50;120
8690001000009;Ülker Biskrem Kakaolu;18,00;100
8690001000010;Eti Cin Portakallı;6,00;150
8690001000011;Eti Puf Renkli;4,50;200
8690001000012;Eti Burçak Yulaflı Bisküvi;16,50;90
8690001000013;Eti Hoşbeş Fındıklı Gofret;22,00;75
8690001000014;Coca-Cola Orijinal Kutu 330ml;25,00;180
8690001000015;Coca-Cola Şekersiz Kutu 330ml;25,00;150
8690001000016;Fanta Portakal Kutu 330ml;25,00;120
8690001000017;Sprite Kutu 330ml;25,00;100
8690001000018;Lipton Ice Tea Şeftali 330ml;25,00;100
8690001000019;Lipton Ice Tea Limon 330ml;25,00;100
8690001000020;Didi Şeftali Soğuk Çay 500ml;22,50;120
8690001000021;Uludağ Efsane Gazoz 250ml;18,00;90
8690001000022;Kızılay Sade Maden Suyu 200ml;7,50;300
8690001000023;Beypazarı Maden Suyu 200ml;7,00;300
8690001000024;Damla Doğal Kaynak Suyu 1.5L;12,00;150
8690001000025;Erikli Su 5 Litre;35,00;80
8690001000026;Doğuş Tiryaki Çay 1000g;145,00;45
8690001000027;Çaykur Rize Turist Çayı 500g;95,00;60
8690001000028;Nescafe Classic 100g;85,00;50
8690001000029;Nescafe 3'ü 1 Arada Orijinal;5,00;500
8690001000030;Türk Kahvesi Kurukahveci Mehmet Efendi 100g;35,00;100
8690001000031;Torku Küp Şeker 1000g;42,00;80
8690001000032;Torku Toz Şeker 1000g;40,00;100
8690001000033;Filiz Burgu Makarna 500g;18,50;150
8690001000034;Nuh'un Ankara Makarnası Spagetti 500g;17,00;150
8690001000035;Yudum Ayçiçek Yağı 1 Litre;65,00;90
8690001000036;Komili Zeytinyağı Sızma 1 Litre;285,00;30
8690001000037;Tat Domates Salçası 830g;75,00;60
8690001000038;Dardanel Ton Balığı 3x75g;110,00;45
8690001000039;SuperFresh Milföy Hamuru 1000g;85,00;40
8690001000040;Ruffles Klasik Boy Cips;28,00;120
8690001000041;Lay's Mevsim Yeşillikleri Boy Cips;28,00;120
8690001000042;Doritos Taco Baharatlı Cips;28,00;120
8690001000043;Falım Sakız Damla Sakızlı;2,00;400
8690001000044;First Sensation Karpuzlu Sakız;12,00;150
8690001000045;Selpak Kağıt Havlu 3'lü Rulo;65,00;60
8690001000046;Familya Tuvalet Kağıdı 12'li;95,00;50
8690001000047;Fairy Platinum Bulaşık Deterjanı 1 Litre;75,00;80
8690001000048;Domestos Çamaşır Suyu Dağ Esintisi 750ml;45,00;90
8690001000049;Omo Toz Deterjan Active 3 kg;165,00;40
8690001000050;Vernel Yumuşatıcı Gül Büyüsü 1 Litre;55,00;70
8690001000051;Colgate Total Diş Macunu 75ml;65,00;60
8690001000052;Ipana 3 Boyutlu Beyazlık Diş Macunu;55,00;60
8690001000053;Clear Men Kepeğe Karşı Şampuan 500ml;120,00;45
8690001000054;Elidor Güçlü Saçlar Şampuan 500ml;95,00;50
8690001000055;Hacı Şakir Güzellik Sabunu 4x150g;60,00;75
